{
	"class_name" : "PinholeCameraParameters",
	"extrinsic" : 
	[
		0.99998095580598867,
		-0.00085925816265517536,
		-0.0061114401536299838,
		0.0,
		0.00017255483659970268,
		0.99376580938010661,
		-0.11148760618082279,
		0.0,
		0.0061691369063959405,
		0.11148442843066371,
		0.99374703218038274,
		0.0,
		-0.038174326710440798,
		0.5979814132274186,
		3.2221751462893153,
		1.0
	],
	"intrinsic" : 
	{
		"height" : 1376,
		"intrinsic_matrix" : [ 2046.72, 0.0, 0.0, 0.0, 2046.72, 0.0, 1243.5, 687.5, 1.0 ],
		"width" : 2488
	},
	"version_major" : 1,
	"version_minor" : 0
}